start_x,start_y,end_x,end_y,length,height,angle,duration,body_part,under_pressure
51.0,3.0,49.0,22.0,19.104973,Ground Pass,1.6756732,1.493,Left Foot,1
76.0,39.0,55.0,42.0,21.213203,High Pass,2.9996955,1.999,Head,0
21.0,33.0,80.0,51.0,61.68468,High Pass,0.29611516,3.32,Left Foot,1
12.0,65.0,22.0,52.0,16.40122,Ground Pass,-0.9151007,0.839,Right Foot,0
84.0,13.0,88.0,3.0,10.770329,Ground Pass,-1.19029,1.24,Left Foot,0
62.0,71.0,69.0,66.0,8.602325,Ground Pass,-0.6202495,0.56,Right Foot,0
50.0,58.0,42.0,44.0,16.124516,Ground Pass,-2.0899425,1.333,Right Foot,0
43.0,68.0,55.0,41.0,29.546574,Ground Pass,-1.152572,2.12,Right Foot,0
115.0,21.0,115.0,24.0,3.0,Ground Pass,1.5707964,0.307,Right Foot,0
110.0,68.0,103.0,65.0,7.615773,Ground Pass,-2.7367008,0.8,Right Foot,0
82.0,27.0,92.0,3.0,26.0,Ground Pass,-1.1760052,1.16,Right Foot,0
66.0,30.0,85.0,4.0,32.202484,Ground Pass,-0.93971694,1.64,Right Foot,0
115.0,63.0,120.0,9.0,54.230988,High Pass,-1.478467,3.24,Right Foot,1
59.0,48.0,62.0,58.0,10.440307,Ground Pass,1.2793396,0.72,Right Foot,0
82.0,8.0,94.0,3.0,13.0,Ground Pass,-0.39479113,1.413,Right Foot,1
15.0,30.0,66.0,68.0,63.600315,High Pass,0.6403565,3.627,Right Foot,0
36.0,76.0,43.0,69.0,9.899495,High Pass,-0.7853982,1.468,Right Foot,0
78.0,2.0,67.0,11.0,14.21267,High Pass,2.4558632,1.293,Unknown,0
108.0,71.0,110.0,64.0,7.28011,Low Pass,-1.2924967,0.36,Right Foot,0
69.0,11.0,97.0,22.0,30.083218,High Pass,0.37433362,1.84,Right Foot,1
97.0,6.0,112.0,67.0,62.817196,High Pass,1.3296787,3.973,Left Foot,1
40.0,23.0,50.0,41.0,20.59126,Ground Pass,1.0636978,1.2,Left Foot,0
81.0,16.0,79.0,4.0,12.165525,Ground Pass,-1.735945,0.88,Left Foot,0
64.0,47.0,66.0,28.0,19.104973,Ground Pass,-1.4659194,1.453,Right Foot,0
44.0,4.0,57.0,4.0,13.0,High Pass,0.0,2.36,Head,0
12.0,13.0,8.0,21.0,8.944272,Ground Pass,2.0344439,1.16,Left Foot,1
35.0,65.0,45.0,58.0,12.206555,Ground Pass,-0.61072594,1.413,Right Foot,0
91.0,5.0,85.0,29.0,24.738634,Ground Pass,1.815775,1.48,Right Foot,0
53.0,37.0,67.0,28.0,16.643316,Ground Pass,-0.57133746,1.653,Right Foot,0
96.0,76.0,108.0,74.0,12.165525,Ground Pass,-0.16514868,1.053,Right Foot,1
119.0,80.0,107.0,32.0,49.47727,High Pass,-1.815775,2.2,Right Foot,0
65.0,27.0,92.0,1.0,37.48333,Ground Pass,-0.7665325,1.533,Right Foot,0
86.0,46.0,93.0,52.0,9.219544,Low Pass,0.7086263,0.96,Right Foot,1
53.0,57.0,62.0,49.0,12.0415945,Ground Pass,-0.7266424,0.72,Right Foot,0
37.0,66.0,25.0,70.0,12.649111,Ground Pass,2.819842,1.253,Right Foot,0
6.0,35.0,21.0,49.0,20.518284,Ground Pass,0.75092906,1.613,Right Foot,0
83.0,74.0,79.0,72.0,4.472136,Ground Pass,-2.6779451,0.76,Right Foot,1
18.0,10.0,6.0,10.0,12.0,Ground Pass,3.1415927,0.68,Right Foot,1
6.0,45.0,66.0,58.0,61.39218,High Pass,0.21336864,2.56,Right Foot,0
84.0,11.0,102.0,4.0,19.313208,Ground Pass,-0.3708913,1.693,Left Foot,1
16.0,41.0,11.0,51.0,11.18034,Ground Pass,2.0344439,0.813,Keeper Arm,0
40.0,21.0,37.0,48.0,27.166155,Ground Pass,1.6814536,1.56,Right Foot,0
86.0,33.0,102.0,40.0,17.464249,Ground Pass,0.41241044,0.68,Right Foot,1
71.0,2.0,60.0,4.0,11.18034,Ground Pass,2.961739,0.8,Left Foot,0
101.0,60.0,109.0,59.0,8.062258,Ground Pass,-0.124354996,1.053,Right Foot,0
86.0,2.0,86.0,15.0,13.0,Ground Pass,1.5707964,0.68,Left Foot,1
88.0,10.0,82.0,21.0,12.529964,Ground Pass,2.070143,1.0,Left Foot,0
8.0,44.0,56.0,64.0,52.0,High Pass,0.39479113,2.76,Right Foot,0
61.0,33.0,66.0,53.0,20.615528,Ground Pass,1.3258177,1.12,Right Foot,0
56.0,55.0,58.0,28.0,27.073973,Ground Pass,-1.4968573,2.6,Left Foot,0
97.0,2.0,55.0,30.0,50.47772,High Pass,2.55359,2.32,Right Foot,0
86.0,20.0,81.0,46.0,26.476404,Ground Pass,1.7607846,1.12,Right Foot,0
65.0,16.0,60.0,22.0,7.81025,Ground Pass,2.2655346,1.0,Left Foot,1
20.0,59.0,41.0,47.0,24.186773,Ground Pass,-0.5191461,0.839,Right Foot,0
39.0,73.0,56.0,79.0,18.027756,Ground Pass,0.33929262,1.12,Left Foot,0
78.0,38.0,65.0,64.0,29.068884,Ground Pass,2.0344439,2.8,Right Foot,1
21.0,26.0,35.0,22.0,14.56022,High Pass,-0.27829966,1.693,Head,0
101.0,12.0,114.0,19.0,14.764823,Ground Pass,0.49394137,2.213,Left Foot,1
17.0,65.0,12.0,63.0,5.3851647,Ground Pass,-2.7610862,0.713,Right Foot,1
53.0,40.0,57.0,75.0,35.22783,Ground Pass,1.4570043,1.96,Right Foot,0
40.0,3.0,92.0,16.0,53.600372,High Pass,0.24497867,2.72,Left Foot,0
63.0,55.0,58.0,51.0,6.4031243,Low Pass,-2.4668517,0.853,Other,0
70.0,18.0,46.0,18.0,24.0,Ground Pass,3.1415927,1.16,Right Foot,1
55.0,68.0,70.0,70.0,15.132746,Ground Pass,0.13255154,0.92,Right Foot,1
91.0,29.0,91.0,41.0,12.0,High Pass,1.5707964,1.96,Head,0
63.0,59.0,75.0,78.0,22.472204,Ground Pass,1.00748,0.959,Left Foot,0
64.0,60.0,60.0,60.0,4.0,Ground Pass,3.1415927,1.0,Left Foot,0
53.0,45.0,55.0,40.0,5.3851647,Ground Pass,-1.19029,0.88,Right Foot,0
53.0,11.0,55.0,9.0,2.828427,High Pass,-0.7853982,0.48,Left Foot,1
43.0,48.0,48.0,35.0,13.928389,Ground Pass,-1.2036225,1.466,Right Foot,0
37.0,66.0,35.0,57.0,9.219544,Ground Pass,-1.7894653,0.6,Left Foot,0
17.0,23.0,73.0,32.0,56.718605,High Pass,0.15935165,2.64,Left Foot,0
76.0,62.0,75.0,49.0,13.038404,Ground Pass,-1.6475682,0.919,Left Foot,0
81.0,57.0,93.0,67.0,15.6205,Ground Pass,0.69473827,1.133,Right Foot,1
101.0,69.0,102.0,20.0,49.010204,High Pass,-1.550391,2.173,Left Foot,0
79.0,55.0,73.0,33.0,22.803509,Ground Pass,-1.8370484,1.44,Right Foot,0
19.0,80.0,47.0,79.0,28.01785,High Pass,-0.035699114,1.76,Unknown,0
76.0,48.0,80.0,30.0,18.439089,Ground Pass,-1.3521274,1.133,Right Foot,0
35.0,2.0,51.0,2.0,16.0,Ground Pass,0.0,1.08,Left Foot,0
10.0,38.0,59.0,27.0,50.219517,High Pass,-0.22082877,2.707,Left Foot,1
54.0,54.0,75.0,70.0,26.400757,High Pass,0.65107673,1.827,Head,0
96.0,29.0,107.0,19.0,14.866069,Ground Pass,-0.7378151,0.853,Right Foot,0
32.0,4.0,37.0,21.0,17.720045,Ground Pass,1.2847449,0.68,Right Foot,0
42.0,78.0,91.0,56.0,53.712196,High Pass,-0.42200503,2.32,Right Foot,0
69.0,19.0,56.0,27.0,15.264338,Ground Pass,2.5899377,1.24,Right Foot,1
60.0,59.0,66.0,79.0,20.880613,Ground Pass,1.2793396,1.079,Right Foot,0
42.0,5.0,120.0,6.0,78.00641,High Pass,0.012819811,4.453,Left Foot,1
95.0,80.0,99.0,68.0,12.649111,High Pass,-1.2490457,1.053,Unknown,0
32.0,11.0,34.0,4.0,7.28011,Ground Pass,-1.2924967,0.48,Left Foot,0
26.0,68.0,83.0,76.0,57.558666,High Pass,0.13944006,3.159,Right Foot,0
36.0,33.0,34.0,56.0,23.086792,Ground Pass,1.6575347,1.52,Right Foot,0
83.0,47.0,93.0,42.0,11.18034,Ground Pass,-0.4636476,0.64,Right Foot,0
16.0,14.0,1.0,12.0,15.132746,Ground Pass,-3.009041,1.213,Left Foot,1
65.0,24.0,64.0,30.0,6.0827627,Ground Pass,1.735945,0.76,Left Foot,0
68.0,17.0,63.0,3.0,14.866069,Ground Pass,-1.9138203,1.16,Right Foot,0
57.0,56.0,56.0,65.0,9.055386,High Pass,1.6814536,1.119,Right Foot,0
94.0,13.0,94.0,2.0,11.0,High Pass,-1.5707964,1.04,Right Foot,0
93.0,3.0,108.0,34.0,34.43835,Low Pass,1.120135,1.027,Left Foot,0
47.0,57.0,65.0,68.0,21.095022,Ground Pass,0.5485494,0.813,Right Foot,0
65.0,53.0,64.0,77.0,24.020824,Ground Pass,1.6124389,1.32,Right Foot,0
25.0,29.0,30.0,19.0,11.18034,Low Pass,-1.1071488,0.84,Right Foot,0
102.0,4.0,116.0,48.0,46.173584,High Pass,1.2627436,2.6,Left Foot,1
70.0,27.0,87.0,20.0,18.384777,Ground Pass,-0.39060703,0.853,Right Foot,0
42.0,51.0,73.0,63.0,33.24154,High Pass,0.36933365,1.48,Right Foot,0
96.0,7.0,86.0,12.0,11.18034,Ground Pass,2.6779451,1.013,Left Foot,1
37.0,46.0,76.0,66.0,43.829212,High Pass,0.47385132,1.786,Left Foot,0
108.0,14.0,98.0,8.0,11.661903,Ground Pass,-2.6011732,1.76,Left Foot,1
91.0,65.0,112.0,47.0,27.658634,High Pass,-0.7086263,1.266,Left Foot,0
73.0,27.0,90.0,5.0,27.802877,Ground Pass,-0.9129077,1.373,Right Foot,0
72.0,70.0,60.0,61.0,15.0,Ground Pass,-2.4980915,1.16,Left Foot,0
64.0,19.0,49.0,26.0,16.552946,Ground Pass,2.7049656,0.92,Left Foot,0
98.0,59.0,100.0,52.0,7.28011,Ground Pass,-1.2924967,0.68,Right Foot,0
53.0,67.0,77.0,61.0,24.738634,High Pass,-0.24497867,1.213,Right Foot,1
37.0,78.0,34.0,64.0,14.3178215,Ground Pass,-1.7818897,0.76,Left Foot,1
44.0,24.0,59.0,18.0,16.155495,Ground Pass,-0.38050637,1.4,Right Foot,0
113.0,61.0,104.0,56.0,10.29563,Ground Pass,-2.634494,1.16,Left Foot,1
69.0,80.0,44.0,72.0,26.24881,High Pass,-2.8318896,3.0,Unknown,0
9.0,28.0,24.0,68.0,42.72002,Ground Pass,1.2120256,2.4,Right Foot,0
34.0,50.0,66.0,76.0,41.231056,High Pass,0.68231654,1.693,Right Foot,0
45.0,40.0,46.0,19.0,21.023796,Ground Pass,-1.5232133,1.586,Left Foot,0
18.0,2.0,48.0,4.0,30.066593,Ground Pass,0.066568166,2.067,Left Foot,0
36.0,68.0,84.0,70.0,48.04165,High Pass,0.04164258,3.0,Right Foot,1
52.0,52.0,86.0,56.0,34.234486,High Pass,0.11710875,1.4,Right Foot,0
81.0,76.0,74.0,52.0,25.0,Ground Pass,-1.8545904,1.88,Right Foot,0
78.0,71.0,81.0,80.0,9.486833,Ground Pass,1.2490457,1.519,Right Foot,1
50.0,20.0,57.0,27.0,9.899495,High Pass,0.7853982,1.413,Unknown,1
13.0,71.0,65.0,78.0,52.46904,High Pass,0.13381098,3.76,Right Foot,0
21.0,11.0,32.0,3.0,13.601471,Ground Pass,-0.6287963,0.96,Left Foot,1
55.0,42.0,47.0,63.0,22.472204,Ground Pass,1.9347752,1.04,Right Foot,0
65.0,78.0,48.0,63.0,22.671568,Ground Pass,-2.4186132,1.64,Left Foot,0
48.0,36.0,55.0,15.0,22.135944,Ground Pass,-1.2490457,2.0,Right Foot,0
64.0,53.0,83.0,37.0,24.839485,Low Pass,-0.6998929,1.2,Left Foot,1
86.0,70.0,68.0,63.0,19.313208,Low Pass,-2.7707014,1.053,Head,0
13.0,51.0,56.0,39.0,44.64303,High Pass,-0.2721459,1.706,Right Foot,0
92.0,61.0,104.0,60.0,12.0415945,Low Pass,-0.08314123,2.76,Unknown,1
66.0,2.0,74.0,10.0,11.313708,Low Pass,0.7853982,1.0,Left Foot,1
52.0,22.0,80.0,38.0,32.24903,High Pass,0.5191461,2.906,Left Foot,0
47.0,26.0,40.0,75.0,49.497475,Ground Pass,1.7126933,4.4,Right Foot,0
56.0,4.0,63.0,13.0,11.401754,High Pass,0.90975314,1.08,Head,0
33.0,78.0,7.0,74.0,26.305893,Low Pass,-2.9889433,2.773,Right Foot,1
87.0,33.0,87.0,41.0,8.0,Ground Pass,1.5707964,0.44,Right Foot,0
34.0,29.0,36.0,69.0,40.04997,Ground Pass,1.5208379,2.4,Left Foot,0
89.0,38.0,85.0,46.0,8.944272,Ground Pass,2.0344439,1.12,Right Foot,0
39.0,80.0,21.0,75.0,18.681541,Low Pass,-2.8706458,1.599,Unknown,0
83.0,53.0,75.0,62.0,12.0415945,Ground Pass,2.2974386,0.6,Left Foot,1
57.0,36.0,74.0,59.0,28.600698,Ground Pass,0.9342881,1.64,Right Foot,0
82.0,77.0,73.0,75.0,9.219544,Ground Pass,-2.9229238,1.16,Right Foot,0
63.0,13.0,43.0,24.0,22.825424,Ground Pass,2.6387494,1.0,Right Foot,1
74.0,66.0,88.0,60.0,15.231546,High Pass,-0.4048918,2.239,Head,0
38.0,40.0,48.0,12.0,29.732138,Ground Pass,-1.2277724,1.08,Right Foot,0
64.0,71.0,73.0,78.0,11.401754,Ground Pass,0.66104317,1.453,Right Foot,0
45.0,16.0,66.0,9.0,22.135944,Ground Pass,-0.32175055,1.159,Right Foot,0
49.0,62.0,31.0,57.0,18.681541,Ground Pass,-2.8706458,1.439,Right Foot,0
120.0,80.0,112.0,50.0,31.04835,High Pass,-1.8313987,1.32,Right Foot,0
60.0,20.0,62.0,29.0,9.219544,Low Pass,1.3521274,1.827,Other,0
94.0,67.0,114.0,34.0,38.587563,High Pass,-1.0259324,1.64,Right Foot,0
84.0,77.0,93.0,78.0,9.055386,Ground Pass,0.11065722,1.079,Right Foot,1
42.0,78.0,54.0,77.0,12.0415945,High Pass,-0.08314123,0.72,Head,0
26.0,75.0,35.0,80.0,10.29563,High Pass,0.5070985,1.373,Head,0
93.0,5.0,93.0,15.0,10.0,Ground Pass,1.5707964,0.88,Right Foot,0
75.0,25.0,75.0,49.0,24.0,Ground Pass,1.5707964,2.053,Right Foot,0
87.0,59.0,99.0,38.0,24.186773,Ground Pass,-1.0516502,1.386,Left Foot,0
33.0,79.0,37.0,80.0,4.1231055,High Pass,0.24497867,1.0,Head,0
71.0,77.0,79.0,78.0,8.062258,Ground Pass,0.124354996,0.48,Right Foot,0
66.0,51.0,77.0,50.0,11.045361,Ground Pass,-0.09065989,1.2,Left Foot,0
118.0,68.0,116.0,48.0,20.09975,High Pass,-1.670465,1.213,Right Foot,0
74.0,18.0,73.0,31.0,13.038404,Ground Pass,1.6475682,1.373,Right Foot,0
71.0,1.0,88.0,3.0,17.117243,High Pass,0.11710875,1.07,Unknown,0
31.0,57.0,34.0,72.0,15.297058,Ground Pass,1.3734008,0.8,Right Foot,0
32.0,40.0,31.0,56.0,16.03122,Ground Pass,1.6332152,1.06,Right Foot,0
63.0,21.0,58.0,14.0,8.602325,Ground Pass,-2.1910458,0.88,Left Foot,0
62.0,66.0,80.0,74.0,19.697716,Ground Pass,0.41822433,0.96,Right Foot,0
48.0,77.0,16.0,57.0,37.735924,Ground Pass,-2.5829933,3.08,Left Foot,0
20.0,58.0,32.0,70.0,16.970562,Ground Pass,0.7853982,1.853,Right Foot,0
53.0,74.0,91.0,8.0,76.15773,High Pass,-1.0483929,3.76,Left Foot,0
2.0,50.0,1.0,72.0,22.022715,High Pass,1.6162196,1.733,Right Foot,0
96.0,68.0,99.0,62.0,6.708204,Ground Pass,-1.1071488,1.148,Right Foot,1
55.0,51.0,65.0,52.0,10.049875,Ground Pass,0.09966865,1.133,Right Foot,0
64.0,54.0,60.0,73.0,19.416489,Ground Pass,1.7782925,1.04,Right Foot,0
45.0,52.0,99.0,12.0,67.20119,High Pass,-0.6375488,4.093,Left Foot,1
67.0,51.0,66.0,34.0,17.029387,Ground Pass,-1.6295521,1.24,Right Foot,0
97.0,56.0,116.0,56.0,19.0,Ground Pass,0.0,2.093,Left Foot,1
48.0,10.0,110.0,49.0,73.24616,High Pass,0.56149364,4.573,Left Foot,0
68.0,60.0,68.0,78.0,18.0,Ground Pass,1.5707964,1.04,Right Foot,1
75.0,3.0,58.0,28.0,30.232433,Ground Pass,2.167973,1.613,Left Foot,1
76.0,53.0,89.0,41.0,17.691807,Ground Pass,-0.7454195,1.013,Right Foot,0
37.0,35.0,48.0,47.0,16.27882,Ground Pass,0.8288491,0.923,Right Foot,0
98.0,24.0,90.0,40.0,17.888544,Ground Pass,2.0344439,1.24,Right Foot,0
29.0,30.0,44.0,3.0,30.88689,Ground Pass,-1.0636978,1.773,Right Foot,1
45.0,40.0,38.0,32.0,10.630146,High Pass,-2.2896264,1.613,Right Foot,1
85.0,4.0,76.0,15.0,14.21267,Ground Pass,2.2565258,0.879,Left Foot,1
81.0,11.0,66.0,3.0,17.0,Ground Pass,-2.6516354,0.959,Left Foot,1
50.0,23.0,64.0,3.0,24.41311,Ground Pass,-0.9600704,1.4,Right Foot,0
101.0,80.0,106.0,56.0,24.5153,High Pass,-1.3654009,1.307,Unknown,0
96.0,55.0,88.0,50.0,9.433981,Low Pass,-2.5829933,1.36,Other,1
71.0,17.0,57.0,17.0,14.0,Ground Pass,3.1415927,0.96,Right Foot,0
2.0,3.0,20.0,4.0,18.027756,Low Pass,0.055498507,1.12,Left Foot,1
81.0,11.0,67.0,6.0,14.866069,Ground Pass,-2.7985687,1.0,Left Foot,0
88.0,79.0,93.0,56.0,23.537205,Low Pass,-1.3567356,1.24,Unknown,0
65.0,79.0,105.0,61.0,43.863426,High Pass,-0.42285392,4.16,Right Foot,0
